{"data": [{"Ag": 0.129, "Au": 0, "Cd": 0, "Cu": 0.083, "Ga": 0, "Hg": 0, "In": 0, "Mn": 0, "Mo": 0, "Nb": 0, "Ni": 0, "Pd": 0.788, "Pt": 0, "Rh": 0, "Sn": 0, "Tl": 0, "W": 0, "Zn": 0, "batch date": 240405, "batch number": 4, "current density": 50, "fe_c2h4_mean": 0, "fe_c2h4_std": 0, "fe_ch4_mean": 0, "fe_ch4_std": 0, "fe_co_mean": 0, "fe_co_std": 0, "fe_gas_total_mean": 0, "fe_gas_total_std": 0, "fe_h2_mean": 0, "fe_h2_std": 0, "fe_liquid_mean": 0, "fe_liquid_std": 0, "reaction": "HER", "sample id": "uoft4_240405_Ag-0.125-Cu-0.125-Pd-0.75_pp0_rep1", "sample_count": 3, "source": "uoft", "target composition": "Ag-0.125-Cu-0.125-Pd-0.75", "voltage_mean": 2.466666666666667, "voltage_std": 0.12096831541082693, "xrf composition": "Ag-0.129-Cu-0.083-Pd-0.788"}, {"Ag": 0.129, "Au": 0, "Cd": 0, "Cu": 0.083, "Ga": 0, "Hg": 0, "In": 0, "Mn": 0, "Mo": 0, "Nb": 0, "Ni": 0, "Pd": 0.788, "Pt": 0, "Rh": 0, "Sn": 0, "Tl": 0, "W": 0, "Zn": 0, "batch date": 240405, "batch number": 4, "current density": 50, "fe_c2h4_mean": 0, "fe_c2h4_std": 0, "fe_ch4_mean": 0.012476377666666668, "fe_ch4_std": 0.007329865966084668, "fe_co_mean": 42.51473477333334, "fe_co_std": 4.208895642578382, "fe_gas_total_mean": 85.30122281333333, "fe_gas_total_std": 2.162559051897787, "fe_h2_mean": 42.77302308333333, "fe_h2_std": 6.321417240388412, "fe_liquid_mean": 14.698777186666668, "fe_liquid_std": 2.1625590518977917, "reaction": "CO2R", "sample id": "uoft4_240405_Ag-0.125-Cu-0.125-Pd-0.75_pp0_rep1", "sample_count": 3, "source": "uoft", "target composition": "Ag-0.125-Cu-0.125-Pd-0.75", "voltage_mean": 2.86, "voltage_std": 0.10440306508910542, "xrf composition": "Ag-0.129-Cu-0.083-Pd-0.788"}, {"Ag": 0.129, "Au": 0, "Cd": 0, "Cu": 0.083, "Ga": 0, "Hg": 0, "In": 0, "Mn": 0, "Mo": 0, "Nb": 0, "Ni": 0, "Pd": 0.788, "Pt": 0, "Rh": 0, "Sn": 0, "Tl": 0, "W": 0, "Zn": 0, "batch date": 240405, "batch number": 4, "current density": 100, "fe_c2h4_mean": 0, "fe_c2h4_std": 0, "fe_ch4_mean": 0.012292901, "fe_ch4_std": 0.001385214416245009, "fe_co_mean": 55.95039293, "fe_co_std": 3.5671723507815742, "fe_gas_total_mean": 87.04394638000001, "fe_gas_total_std": 2.0928568094462356, "fe_h2_mean": 31.079118626666666, "fe_h2_std": 3.3837090964764958, "fe_liquid_mean": 12.95605362, "fe_liquid_std": 2.092856809446238, "reaction": "CO2R", "sample id": "uoft4_240405_Ag-0.125-Cu-0.125-Pd-0.75_pp0_rep1", "sample_count": 3, "source": "uoft", "target composition": "Ag-0.125-Cu-0.125-Pd-0.75", "voltage_mean": 3.16, "voltage_std": 0.09848857801796106, "xrf composition": "Ag-0.129-Cu-0.083-Pd-0.788"}, {"Ag": 0.129, "Au": 0, "Cd": 0, "Cu": 0.083, "Ga": 0, "Hg": 0, "In": 0, "Mn": 0, "Mo": 0, "Nb": 0, "Ni": 0, "Pd": 0.788, "Pt": 0, "Rh": 0, "Sn": 0, "Tl": 0, "W": 0, "Zn": 0, "batch date": 240405, "batch number": 4, "current density": 150, "fe_c2h4_mean": 0.0004683093333333333, "fe_c2h4_std": 0.0008111355589920426, "fe_ch4_mean": 0.011742472666666665, "fe_ch4_std": 0.0019417289820534522, "fe_co_mean": 62.025212833333335, "fe_co_std": 4.023937435048473, "fe_gas_total_mean": 91.18808911666667, "fe_gas_total_std": 2.012906284518439, "fe_h2_mean": 29.148688333333336, "fe_h2_std": 2.010840590127241, "fe_liquid_mean": 8.811910885333333, "fe_liquid_std": 2.012906282691056, "reaction": "CO2R", "sample id": "uoft4_240405_Ag-0.125-Cu-0.125-Pd-0.75_pp0_rep1", "sample_count": 3, "source": "uoft", "target composition": "Ag-0.125-Cu-0.125-Pd-0.75", "voltage_mean": 3.3233333333333337, "voltage_std": 0.14571661996262925, "xrf composition": "Ag-0.129-Cu-0.083-Pd-0.788"}, {"Ag": 0.129, "Au": 0, "Cd": 0, "Cu": 0.083, "Ga": 0, "Hg": 0, "In": 0, "Mn": 0, "Mo": 0, "Nb": 0, "Ni": 0, "Pd": 0.788, "Pt": 0, "Rh": 0, "Sn": 0, "Tl": 0, "W": 0, "Zn": 0, "batch date": 240405, "batch number": 4, "current density": 200, "fe_c2h4_mean": 0.003161089, "fe_c2h4_std": 0.0018730918472672396, "fe_ch4_mean": 0.013485496333333333, "fe_ch4_std": 0.002710545632523152, "fe_co_mean": 65.09823182666668, "fe_co_std": 4.856598915128421, "fe_gas_total_mean": 89.84702360666667, "fe_gas_total_std": 6.011157658799504, "fe_h2_mean": 24.73016803, "fe_h2_std": 1.5835594965488793, "fe_liquid_mean": 10.152976393000001, "fe_liquid_std": 6.011157660222051, "reaction": "CO2R", "sample id": "uoft4_240405_Ag-0.125-Cu-0.125-Pd-0.75_pp0_rep1", "sample_count": 3, "source": "uoft", "target composition": "Ag-0.125-Cu-0.125-Pd-0.75", "voltage_mean": 3.4766666666666666, "voltage_std": 0.14977761292440653, "xrf composition": "Ag-0.129-Cu-0.083-Pd-0.788"}, {"Ag": 0.129, "Au": 0, "Cd": 0, "Cu": 0.083, "Ga": 0, "Hg": 0, "In": 0, "Mn": 0, "Mo": 0, "Nb": 0, "Ni": 0, "Pd": 0.788, "Pt": 0, "Rh": 0, "Sn": 0, "Tl": 0, "W": 0, "Zn": 0, "batch date": 240405, "batch number": 4, "current density": 300, "fe_c2h4_mean": 0.012316539666666668, "fe_c2h4_std": 0.0036211559070081934, "fe_ch4_mean": 0.021833660666666668, "fe_ch4_std": 0.003973434130193345, "fe_co_mean": 23.0099869, "fe_co_std": 2.8444457719148994, "fe_gas_total_mean": 79.62373409333333, "fe_gas_total_std": 5.012523772578567, "fe_h2_mean": 56.57745506333333, "fe_h2_std": 7.5410249622846965, "fe_liquid_mean": 20.376265906666667, "fe_liquid_std": 5.012523772578566, "reaction": "CO2R", "sample id": "uoft4_240405_Ag-0.125-Cu-0.125-Pd-0.75_pp0_rep1", "sample_count": 3, "source": "uoft", "target composition": "Ag-0.125-Cu-0.125-Pd-0.75", "voltage_mean": 3.623333333333333, "voltage_std": 0.13576941236277532, "xrf composition": "Ag-0.129-Cu-0.083-Pd-0.788"}], "columns": ["sample id", "source", "batch number", "batch date", "target composition", "xrf composition", "reaction", "current density", "Ag", "Au", "Cd", "Cu", "Ga", "Hg", "In", "Mn", "Mo", "Nb", "Ni", "Pd", "Pt", "Rh", "Sn", "Tl", "W", "Zn", "fe_c2h4_mean", "fe_c2h4_std", "fe_ch4_mean", "fe_ch4_std", "fe_co_mean", "fe_co_std", "fe_gas_total_mean", "fe_gas_total_std", "fe_h2_mean", "fe_h2_std", "fe_liquid_mean", "fe_liquid_std", "sample_count", "voltage_mean", "voltage_std"]}